0.176291,0.172446,0.168675,0.164976,0.161346,0.157785,0.15429,0.15086,0.147494,0.144189,0.140944,0.137758,0.13463,0.131557,0.128538,0.125572,0.122658,0.119795,0.11698,0.114214,0.111494,0.10882,0.106189,0.103602,0.101057,0.0985534,0.0960892,0.0936639,0.0912763,0.0889255,0.0866104,0.0843302,0.0820838,0.0798703,0.0776887,0.0755383,0.073418,0.0713271,0.0692646,0.0672297,0.0652215,0.0632394,0.0612823,0.0593496,0.0574404,0.0555541,0.0536897,0.0518466,0.0500241,0.0482213,0.0464376,0.0446722,0.0429245,0.0411938,0.0394793,0.0377804,0.0360963,0.0344265,0.0327703,0.0311269,0.0294959,0.0278764,0.0262679,0.0246697,0.0230812,0.0215018,0.0199309,0.0183678,0.0168119,0.0152626,0.0137193,0.0121814,0.0106483,0.00911937,0.00759401,0.00607164,0.00455164,0.00303344,0.00151642,0
0.176178,0.172336,0.168567,0.164871,0.161244,0.157685,0.154193,0.150765,0.147401,0.144099,0.140856,0.137673,0.134546,0.131475,0.128458,0.125495,0.122583,0.119721,0.116909,0.114144,0.111426,0.108753,0.106125,0.103539,0.100996,0.0984937,0.0960311,0.0936073,0.0912212,0.0888719,0.0865583,0.0842795,0.0820345,0.0798224,0.0776422,0.0754931,0.0733742,0.0712845,0.0692233,0.0671896,0.0651827,0.0632017,0.0612459,0.0593143,0.0574063,0.0555211,0.0536579,0.0518159,0.0499945,0.0481928,0.0464101,0.0446458,0.0428992,0.0411695,0.039456,0.0377581,0.036075,0.0344062,0.032751,0.0311086,0.0294785,0.02786,0.0262524,0.0246552,0.0230677,0.0214892,0.0199192,0.018357,0.016802,0.0152537,0.0137113,0.0121743,0.0106421,0.00911402,0.00758955,0.00606807,0.00454897,0.00303166,0.00151553,0
0.17599,0.172152,0.168388,0.164696,0.161073,0.157519,0.154031,0.150607,0.147247,0.143949,0.14071,0.13753,0.134407,0.131339,0.128326,0.125366,0.122457,0.119599,0.116789,0.114028,0.111313,0.108643,0.106017,0.103435,0.100894,0.0983943,0.0959343,0.0935131,0.0911295,0.0887827,0.0864715,0.0841951,0.0819524,0.0797426,0.0775647,0.0754178,0.0733011,0.0712135,0.0691544,0.0671229,0.065118,0.063139,0.0611852,0.0592556,0.0573495,0.0554662,0.0536049,0.0517647,0.0499451,0.0481452,0.0463644,0.0446018,0.0428569,0.0411289,0.0394171,0.0377209,0.0360396,0.0343724,0.0327188,0.031078,0.0294495,0.0278326,0.0262267,0.024631,0.023045,0.0214681,0.0198997,0.018339,0.0167856,0.0152387,0.0136978,0.0121623,0.0106316,0.00910509,0.00758212,0.00606213,0.00454452,0.00302869,0.00151405,0
0.175726,0.171895,0.168138,0.164451,0.160835,0.157286,0.153804,0.150386,0.147032,0.143738,0.140505,0.13733,0.134212,0.131149,0.128141,0.125185,0.122281,0.119427,0.116622,0.113865,0.111154,0.108488,0.105867,0.103288,0.100751,0.0982551,0.0957988,0.0933812,0.0910012,0.0886578,0.08635,0.0840769,0.0818376,0.079631,0.0774562,0.0753125,0.0731988,0.0711143,0.0690581,0.0670294,0.0650275,0.0630513,0.0611002,0.0591734,0.05727,0.0553894,0.0535306,0.0516931,0.049876,0.0480787,0.0463003,0.0445403,0.0427978,0.0410722,0.0393628,0.0376689,0.0359899,0.0343251,0.0326737,0.0310353,0.029409,0.0277944,0.0261906,0.0245972,0.0230134,0.0214386,0.0198723,0.0183138,0.0167625,0.0152178,0.013679,0.0121457,0.010617,0.0090926,0.00757172,0.00605382,0.00453828,0.00302453,0.00151197,0
0.175387,0.171565,0.167815,0.164137,0.160529,0.156988,0.153513,0.150103,0.146755,0.143469,0.140242,0.137073,0.133962,0.130905,0.127903,0.124954,0.122055,0.119207,0.116407,0.113656,0.11095,0.108289,0.105673,0.103099,0.100568,0.0980763,0.0956247,0.0932117,0.0908363,0.0884973,0.0861939,0.0839252,0.08169,0.0794875,0.0773169,0.0751771,0.0730673,0.0709867,0.0689343,0.0669094,0.0649111,0.0629386,0.0609911,0.0590678,0.0571679,0.0552906,0.0534353,0.0516011,0.0497873,0.0479932,0.0462181,0.0444612,0.0427218,0.0409993,0.039293,0.0376022,0.0359261,0.0342643,0.0326159,0.0309803,0.029357,0.0277452,0.0261443,0.0245537,0.0229727,0.0214008,0.0198372,0.0182815,0.0167329,0.0151909,0.0136549,0.0121242,0.0105983,0.00907655,0.00755836,0.00604313,0.00453028,0.0030192,0.0015093,0
0.174973,0.171161,0.167422,0.163754,0.160155,0.156623,0.153158,0.149756,0.146417,0.143139,0.13992,0.13676,0.133656,0.130608,0.127613,0.12467,0.121779,0.118938,0.116145,0.1134,0.110701,0.108047,0.105437,0.102869,0.100343,0.097858,0.0954122,0.0930048,0.0906349,0.0883014,0.0860034,0.0837398,0.0815098,0.0793124,0.0771467,0.0750118,0.0729068,0.0708309,0.0687832,0.0667628,0.064769,0.0628009,0.0608578,0.0589388,0.0570431,0.0551701,0.0533188,0.0514887,0.0496789,0.0478888,0.0461176,0.0443645,0.042629,0.0409103,0.0392077,0.0375206,0.0358482,0.03419,0.0325452,0.0309132,0.0292934,0.0276851,0.0260877,0.0245006,0.022923,0.0213545,0.0197943,0.018242,0.0166968,0.0151581,0.0136254,0.012098,0.0105754,0.00905695,0.00754204,0.00603008,0.00452049,0.00301268,0.00150604,0
0.174485,0.170685,0.166958,0.163301,0.159714,0.156193,0.152738,0.149347,0.146018,0.14275,0.139541,0.13639,0.133296,0.130256,0.12727,0.124336,0.121454,0.11862,0.115836,0.113098,0.110407,0.10776,0.105158,0.102597,0.100079,0.0976002,0.0951612,0.0927605,0.0903972,0.0880701,0.0857783,0.083521,0.081297,0.0791056,0.0769457,0.0748166,0.0727173,0.0706469,0.0686047,0.0665898,0.0646013,0.0626384,0.0607004,0.0587865,0.0568958,0.0550277,0.0531813,0.051356,0.049551,0.0477655,0.0459989,0.0442505,0.0425195,0.0408052,0.0391071,0.0374243,0.0357563,0.0341023,0.0324618,0.030834,0.0292184,0.0276142,0.0260209,0.0244378,0.0228644,0.0212998,0.0197437,0.0181953,0.0166541,0.0151193,0.0135906,0.0120671,0.0105484,0.00903381,0.00752277,0.00601468,0.00450894,0.00300498,0.0015022,0
0.173923,0.170137,0.166423,0.16278,0.159205,0.155697,0.152255,0.148875,0.145558,0.142302,0.139104,0.135964,0.13288,0.129851,0.126875,0.123951,0.121078,0.118255,0.115479,0.112751,0.110068,0.10743,0.104836,0.102284,0.0997736,0.0973032,0.094872,0.092479,0.0901232,0.0878035,0.085519,0.0832688,0.0810518,0.0788673,0.0767142,0.0745917,0.0724989,0.070435,0.068399,0.0663903,0.0644079,0.0624511,0.060519,0.0586109,0.056726,0.0548636,0.0530229,0.0512031,0.0494035,0.0476234,0.0458622,0.044119,0.0423932,0.0406841,0.038991,0.0373133,0.0356503,0.0340012,0.0323656,0.0307427,0.0291319,0.0275325,0.0259439,0.0243655,0.0227967,0.0212369,0.0196853,0.0181415,0.0166048,0.0150747,0.0135504,0.0120315,0.0105172,0.00900713,0.00750055,0.00599692,0.00449563,0.00299611,0.00149776,0
0.173287,0.169517,0.165819,0.16219,0.15863,0.155136,0.151708,0.148342,0.145038,0.141795,0.13861,0.135482,0.13241,0.129392,0.126428,0.123515,0.120653,0.11784,0.115076,0.112358,0.109685,0.107057,0.104472,0.10193,0.0994284,0.0969671,0.0945448,0.0921604,0.0898131,0.0875018,0.0852255,0.0829833,0.0807743,0.0785975,0.0764521,0.0743371,0.0722517,0.070195,0.0681662,0.0661645,0.0641891,0.0622391,0.0603137,0.0584122,0.0565339,0.0546779,0.0528435,0.0510299,0.0492366,0.0474626,0.0457074,0.0439701,0.0422502,0.040547,0.0388596,0.0371876,0.0355303,0.0338868,0.0322567,0.0306393,0.0290339,0.02744,0.0258568,0.0242837,0.0227202,0.0211656,0.0196193,0.0180807,0.0165491,0.0150241,0.013505,0.0119911,0.010482,0.00897693,0.00747541,0.00597681,0.00448056,0.00298607,0.00149274,0
0.172577,0.168825,0.165144,0.161532,0.157989,0.154511,0.151098,0.147747,0.144458,0.141229,0.138058,0.134944,0.131885,0.128881,0.125929,0.123029,0.120179,0.117378,0.114625,0.111919,0.109257,0.10664,0.104066,0.101534,0.0990432,0.096592,0.0941795,0.0918049,0.0894671,0.0871651,0.084898,0.0826648,0.0804646,0.0782965,0.0761596,0.0740529,0.0719758,0.0699272,0.0679064,0.0659126,0.0639448,0.0620024,0.0600846,0.0581905,0.0563194,0.0544706,0.0526433,0.0508367,0.0490502,0.0472831,0.0455346,0.043804,0.0420907,0.0403939,0.038713,0.0370474,0.0353963,0.0337591,0.0321352,0.0305239,0.0289246,0.0273367,0.0257595,0.0241924,0.0226347,0.021086,0.0195455,0.0180127,0.016487,0.0149677,0.0134542,0.0119461,0.0104426,0.00894322,0.00744734,0.00595437,0.00446374,0.00297486,0.00148714,0
0.171795,0.168062,0.1644,0.160807,0.157281,0.153821,0.150425,0.147091,0.143818,0.140605,0.137449,0.13435,0.131307,0.128317,0.125379,0.122493,0.119657,0.116869,0.114129,0.111434,0.108786,0.106181,0.103618,0.101098,0.0986182,0.0961781,0.0937766,0.0914127,0.0890853,0.0867936,0.0845366,0.0823133,0.0801229,0.0779643,0.0758368,0.0737394,0.0716714,0.0696317,0.0676197,0.0656345,0.0636753,0.0617413,0.0598317,0.0579458,0.0560827,0.0542418,0.0524223,0.0506235,0.0488446,0.047085,0.0453439,0.0436207,0.0419146,0.040225,0.0385512,0.0368926,0.0352485,0.0336182,0.0320011,0.0303966,0.028804,0.0272227,0.0256521,0.0240916,0.0225405,0.0209982,0.0194641,0.0179377,0.0164183,0.0149054,0.0133982,0.0118964,0.0103992,0.00890602,0.00741636,0.00592961,0.00444518,0.00296248,0.00148095,0
0.17094,0.167228,0.163587,0.160014,0.156508,0.153067,0.149689,0.146374,0.143119,0.139923,0.136784,0.133702,0.130674,0.1277,0.124778,0.121907,0.119085,0.116312,0.113586,0.110905,0.10827,0.105678,0.103129,0.100621,0.0981537,0.0957257,0.0933361,0.0909839,0.088668,0.0863876,0.0841416,0.0819291,0.0797493,0.0776012,0.075484,0.0733967,0.0713385,0.0693087,0.0673063,0.0653305,0.0633806,0.0614558,0.0595553,0.0576782,0.055824,0.0539917,0.0521808,0.0503904,0.0486198,0.0468684,0.0451354,0.0434202,0.0417221,0.0400403,0.0383743,0.0367234,0.0350869,0.0334641,0.0318545,0.0302574,0.0286721,0.0270981,0.0255347,0.0239813,0.0224373,0.0209021,0.0193751,0.0178557,0.0163433,0.0148373,0.013337,0.011842,0.0103517,0.00886534,0.00738249,0.00590253,0.00442488,0.00294896,0.00147419,0
0.170013,0.166324,0.162706,0.159155,0.15567,0.152249,0.148892,0.145596,0.142361,0.139183,0.136063,0.132999,0.129989,0.127032,0.124126,0.121271,0.118466,0.115708,0.112997,0.110331,0.107711,0.105133,0.102598,0.100104,0.0976498,0.095235,0.0928583,0.0905188,0.0882153,0.0859471,0.083713,0.0815123,0.0793441,0.0772073,0.0751012,0.0730249,0.0709775,0.0689582,0.0669663,0.0650008,0.063061,0.0611461,0.0592553,0.057388,0.0555432,0.0537204,0.0519187,0.0501374,0.0483759,0.0466334,0.0449092,0.0432027,0.0415132,0.03984,0.0381824,0.0365398,0.0349115,0.0332969,0.0316954,0.0301063,0.028529,0.0269629,0.0254073,0.0238617,0.0223255,0.020798,0.0192786,0.0177667,0.0162619,0.0147633,0.0132706,0.0117831,0.0103001,0.0088212,0.00734573,0.00587314,0.00440285,0.00293428,0.00146685,0
0.169015,0.165351,0.161756,0.158229,0.154767,0.151369,0.148034,0.144759,0.141544,0.138387,0.135287,0.132241,0.12925,0.126311,0.123424,0.120587,0.117798,0.115057,0.112362,0.109713,0.107108,0.104546,0.102026,0.0995464,0.0971069,0.0947063,0.0923435,0.0900176,0.0877275,0.0854724,0.0832513,0.0810632,0.0789074,0.0767828,0.0746887,0.0726242,0.0705884,0.0685806,0.0665998,0.0646454,0.0627165,0.0608123,0.0589321,0.0570751,0.0552406,0.0534279,0.0516362,0.0498648,0.048113,0.0463801,0.0446654,0.0429683,0.0412881,0.039624,0.0379755,0.0363419,0.0347225,0.0331167,0.0315239,0.0299435,0.0283748,0.0268171,0.02527,0.0237328,0.0222049,0.0206856,0.0191745,0.0176708,0.0161741,0.0146837,0.013199,0.0117195,0.0102445,0.00877362,0.00730611,0.00584147,0.00437911,0.00291845,0.00145894,0
0.167946,0.164309,0.16074,0.157238,0.1538,0.150426,0.147114,0.143862,0.14067,0.137534,0.134455,0.13143,0.128459,0.12554,0.122672,0.119853,0.117083,0.11436,0.111683,0.109051,0.106462,0.103917,0.101413,0.0989492,0.0965253,0.0941399,0.091792,0.0894806,0.0872049,0.0849638,0.0827565,0.080582,0.0784394,0.0763279,0.0742467,0.0721948,0.0701714,0.0681758,0.0662071,0.0642645,0.0623472,0.0604546,0.0585857,0.0567399,0.0549164,0.0531145,0.0513335,0.0495726,0.0478312,0.0461087,0.0444042,0.0427171,0.0410467,0.0393925,0.0377537,0.0361297,0.0345199,0.0329235,0.0313401,0.0297689,0.0282094,0.0266609,0.0251229,0.0235946,0.0220756,0.0205653,0.0190629,0.017568,0.01608,0.0145983,0.0131222,0.0116513,0.010185,0.00872262,0.00726365,0.00580752,0.00435365,0.00290149,0.00145046,0
0.166808,0.163199,0.159658,0.156182,0.152771,0.149422,0.146135,0.142907,0.139738,0.136625,0.133568,0.130566,0.127616,0.124718,0.12187,0.119071,0.116321,0.113617,0.110958,0.108345,0.105774,0.103246,0.100759,0.0983126,0.0959052,0.0935359,0.0912039,0.0889081,0.0866476,0.0844215,0.0822289,0.0800688,0.0779405,0.0758429,0.0737754,0.0717369,0.0697268,0.0677442,0.0657883,0.0638583,0.0619535,0.0600731,0.0582162,0.0563823,0.0545705,0.0527802,0.0510106,0.049261,0.0475308,0.0458191,0.0441255,0.0424491,0.0407894,0.0391456,0.0375172,0.0359035,0.0343038,0.0327175,0.0311441,0.0295828,0.0280331,0.0264943,0.0249659,0.0234473,0.0219378,0.0204369,0.0189439,0.0174584,0.0159797,0.0145072,0.0130404,0.0115787,0.0101215,0.00866822,0.00721835,0.0057713,0.00432651,0.0028834,0.00144142,0
0.165601,0.162021,0.158509,0.155062,0.151678,0.148356,0.145095,0.141893,0.138749,0.135661,0.132628,0.129648,0.126721,0.123845,0.121019,0.118242,0.115512,0.112828,0.11019,0.107595,0.105044,0.102534,0.100066,0.0976369,0.0952469,0.0928948,0.0905796,0.0883003,0.086056,0.0838458,0.0816688,0.0795241,0.0774107,0.075328,0.0732749,0.0712508,0.0692547,0.067286,0.0653437,0.0634271,0.0615354,0.059668,0.057824,0.0560027,0.0542033,0.0524253,0.0506678,0.0489301,0.0472117,0.0455117,0.0438296,0.0421646,0.0405161,0.0388835,0.0372661,0.0356632,0.0340743,0.0324987,0.0309359,0.0293851,0.0278458,0.0263173,0.0247992,0.0232907,0.0217914,0.0203005,0.0188175,0.0173419,0.0158731,0.0144105,0.0129534,0.0115015,0.010054,0.00861044,0.00717025,0.00573284,0.00429768,0.00286419,0.00143181,0
0.164325,0.160777,0.157295,0.153878,0.150523,0.14723,0.143997,0.140822,0.137704,0.134641,0.131633,0.128679,0.125776,0.122923,0.12012,0.117365,0.114657,0.111994,0.109377,0.106803,0.104272,0.101782,0.0993323,0.0969224,0.0945509,0.092217,0.0899195,0.0876576,0.0854305,0.083237,0.0810765,0.0789479,0.0768505,0.0747834,0.0727457,0.0707367,0.0687555,0.0668013,0.0648734,0.062971,0.0610932,0.0592395,0.057409,0.0556011,0.0538149,0.0520498,0.0503051,0.0485801,0.0468741,0.0451865,0.0435165,0.0418636,0.040227,0.0386061,0.0370004,0.035409,0.0338316,0.0322673,0.0307156,0.0291759,0.0276476,0.0261301,0.0246228,0.0231251,0.0216365,0.0201562,0.0186838,0.0172187,0.0157604,0.0143081,0.0128615,0.0114198,0.00998263,0.00854932,0.00711935,0.00569215,0.00426718,0.00284386,0.00142165,0
0.162982,0.159467,0.156018,0.152632,0.149308,0.146044,0.14284,0.139693,0.136603,0.133568,0.130586,0.127657,0.124779,0.121951,0.119172,0.116441,0.113756,0.111116,0.10852,0.105968,0.103458,0.100989,0.0985596,0.0961695,0.0938175,0.0915026,0.0892238,0.0869803,0.0847712,0.0825954,0.0804522,0.0783407,0.07626,0.0742094,0.0721879,0.0701947,0.0682292,0.0662904,0.0643777,0.0624901,0.0606271,0.0587879,0.0569717,0.0551777,0.0534054,0.051654,0.0499228,0.0482111,0.0465183,0.0448436,0.0431865,0.0415462,0.0399222,0.0383137,0.0367202,0.0351411,0.0335756,0.0320233,0.0304834,0.0289554,0.0274388,0.0259328,0.0244369,0.0229505,0.0214731,0.0200041,0.0185429,0.0170888,0.0156415,0.0142002,0.0127645,0.0113337,0.00990737,0.00848488,0.00706569,0.00564925,0.00423502,0.00282243,0.00141094,0
0.161572,0.158092,0.154676,0.151323,0.148031,0.144799,0.141625,0.138509,0.135447,0.132441,0.129487,0.126585,0.123733,0.120931,0.118177,0.11547,0.11281,0.110193,0.107621,0.105091,0.102603,0.100156,0.0977479,0.0953786,0.093047,0.0907521,0.088493,0.0862688,0.0840785,0.0819213,0.0797963,0.0777027,0.0756396,0.0736062,0.0716017,0.0696253,0.0676762,0.0657536,0.0638567,0.0619849,0.0601373,0.0583132,0.056512,0.0547329,0.0529751,0.0512381,0.049521,0.0478233,0.0461443,0.0444833,0.0428396,0.0412127,0.0396018,0.0380064,0.0364258,0.0348594,0.0333066,0.0317668,0.0302393,0.0287237,0.0272192,0.0257253,0.0242415,0.022767,0.0213015,0.0198442,0.0183947,0.0169523,0.0155165,0.0140868,0.0126625,0.0112432,0.00982826,0.00841714,0.00700928,0.00560416,0.00420121,0.0027999,0.00139968,0
0.160097,0.156653,0.153273,0.149954,0.146696,0.143496,0.140354,0.137268,0.134238,0.13126,0.128335,0.125462,0.122638,0.119863,0.117135,0.114454,0.111819,0.109227,0.106679,0.104173,0.101708,0.0992832,0.0968976,0.0945501,0.0922399,0.089966,0.0877274,0.0855233,0.0833528,0.0812151,0.0791092,0.0770343,0.0749896,0.0729743,0.0709876,0.0690286,0.0670967,0.065191,0.0633109,0.0614554,0.059624,0.0578159,0.0560303,0.0542666,0.0525241,0.0508021,0.0490999,0.0474169,0.0457523,0.0441056,0.0424761,0.0408631,0.0392661,0.0376843,0.0361172,0.0345642,0.0330247,0.031498,0.0299835,0.0284807,0.0269891,0.0255079,0.0240366,0.0225747,0.0211216,0.0196766,0.0182394,0.0168092,0.0153856,0.0139679,0.0125557,0.0111484,0.00974534,0.00834613,0.00695016,0.00555689,0.00416577,0.00277628,0.00138787,0
0.158557,0.155151,0.151807,0.148524,0.145301,0.142135,0.139027,0.135973,0.132974,0.130028,0.127133,0.124289,0.121494,0.118747,0.116047,0.113393,0.110783,0.108218,0.105695,0.103213,0.100773,0.0983716,0.0960092,0.0936845,0.0913965,0.0891445,0.0869274,0.0847443,0.0825945,0.080477,0.078391,0.0763357,0.0743102,0.0723138,0.0703457,0.068405,0.0664911,0.0646031,0.0627403,0.060902,0.0590874,0.0572959,0.0555268,0.0537793,0.0520527,0.0503464,0.0486597,0.046992,0.0453426,0.0437108,0.0420961,0.0404977,0.0389151,0.0373476,0.0357946,0.0342556,0.0327299,0.0312169,0.0297161,0.0282268,0.0267484,0.0252805,0.0238224,0.0223736,0.0209334,0.0195014,0.018077,0.0166596,0.0152486,0.0138436,0.012444,0.0110492,0.00965865,0.00827188,0.00688833,0.00550746,0.00412872,0.00275159,0.00137553,0
0.156953,0.153586,0.150281,0.147035,0.143848,0.140718,0.137644,0.134624,0.131658,0.128744,0.12588,0.123067,0.120302,0.117584,0.114913,0.112287,0.109705,0.107166,0.104669,0.102213,0.0997979,0.0974214,0.0950832,0.0927821,0.0905174,0.0882881,0.0860933,0.0839322,0.0818039,0.0797075,0.0776423,0.0756073,0.0736019,0.0716252,0.0696764,0.0677547,0.0658595,0.0639899,0.0621453,0.0603249,0.0585279,0.0567537,0.0550017,0.053271,0.051561,0.0498712,0.0482007,0.0465489,0.0449152,0.043299,0.0416997,0.0401165,0.0385489,0.0369964,0.0354581,0.0339337,0.0324224,0.0309237,0.0294371,0.0279618,0.0264975,0.0250434,0.023599,0.0221638,0.0207372,0.0193186,0.0179076,0.0165035,0.0151058,0.0137139,0.0123274,0.0109457,0.00956821,0.00819444,0.00682385,0.0054559,0.00409007,0.00272584,0.00136265,0
0.155287,0.151961,0.148695,0.145488,0.142338,0.139245,0.136207,0.133222,0.13029,0.127409,0.124578,0.121796,0.119062,0.116375,0.113733,0.111136,0.108583,0.106072,0.103602,0.101173,0.098784,0.0964331,0.0941199,0.0918435,0.0896029,0.0873972,0.0852257,0.0830873,0.0809814,0.0789069,0.0768633,0.0748495,0.0728649,0.0709086,0.0689799,0.0670781,0.0652023,0.0633519,0.0615262,0.0597243,0.0579456,0.0561895,0.0544552,0.052742,0.0510494,0.0493765,0.0477229,0.0460877,0.0444705,0.0428705,0.0412871,0.0397198,0.0381679,0.0366308,0.0351079,0.0335986,0.0321024,0.0306186,0.0291467,0.0276861,0.0262362,0.0247965,0.0233664,0.0219454,0.0205329,0.0191284,0.0177313,0.016341,0.0149571,0.013579,0.0122061,0.010838,0.00947407,0.00811382,0.00675672,0.00540223,0.00404984,0.00269902,0.00134925,0
0.153559,0.150275,0.14705,0.143883,0.140772,0.137717,0.134716,0.131767,0.12887,0.126024,0.123227,0.120478,0.117776,0.11512,0.11251,0.109943,0.107419,0.104937,0.102495,0.100094,0.0977315,0.0954072,0.09312,0.0908691,0.0886535,0.0864724,0.0843249,0.0822101,0.0801274,0.0780757,0.0760544,0.0740626,0.0720996,0.0701645,0.0682567,0.0663754,0.0645199,0.0626893,0.0608831,0.0591006,0.0573409,0.0556035,0.0538876,0.0521927,0.0505179,0.0488628,0.0472266,0.0456087,0.0440085,0.0424253,0.0408586,0.0393077,0.0377721,0.036251,0.0347441,0.0332506,0.0317699,0.0303016,0.028845,0.0273996,0.0259648,0.0245401,0.0231249,0.0217186,0.0203207,0.0189307,0.0175481,0.0161722,0.0148026,0.0134387,0.0120801,0.0107261,0.00937626,0.00803006,0.00668697,0.00534647,0.00400804,0.00267117,0.00133533,0
0.151771,0.14853,0.145347,0.142221,0.139151,0.136135,0.133172,0.130261,0.127401,0.12459,0.121828,0.119113,0.116444,0.113821,0.111242,0.108706,0.106213,0.10376,0.101348,0.0989755,0.0966411,0.0943443,0.092084,0.0898594,0.0876697,0.085514,0.0833914,0.0813011,0.0792423,0.0772142,0.075216,0.073247,0.0713063,0.0693933,0.0675071,0.065647,0.0638124,0.0620025,0.0602166,0.058454,0.056714,0.0549959,0.0532992,0.0516231,0.0499669,0.0483301,0.0467121,0.045112,0.0435295,0.0419638,0.0404143,0.0388804,0.0373616,0.0358573,0.0343668,0.0328896,0.0314252,0.0299729,0.0285322,0.0271026,0.0256834,0.0242742,0.0228743,0.0214833,0.0201007,0.0187258,0.0173581,0.0159972,0.0146424,0.0132933,0.0119494,0.0106101,0.00927483,0.00794321,0.00661465,0.00528865,0.0039647,0.00264228,0.00132088,0
0.149923,0.146727,0.143588,0.140504,0.137476,0.1345,0.131576,0.128704,0.125881,0.123107,0.120381,0.117701,0.115067,0.112477,0.109931,0.107428,0.104965,0.102544,0.100162,0.0978187,0.0955133,0.0932448,0.0910123,0.088815,0.086652,0.0845225,0.0824256,0.0803606,0.0783266,0.0763229,0.0743486,0.0724031,0.0704855,0.0685952,0.0667314,0.0648933,0.0630803,0.0612917,0.0595267,0.0577848,0.0560651,0.0543672,0.0526902,0.0510336,0.0493967,0.0477788,0.0461795,0.044598,0.0430337,0.041486,0.0399543,0.0384381,0.0369368,0.0354497,0.0339763,0.032516,0.0310683,0.0296326,0.0282084,0.0267951,0.0253921,0.0239989,0.022615,0.0212398,0.0198728,0.0185136,0.0171614,0.0158159,0.0144766,0.0131428,0.0118141,0.0104899,0.00916983,0.00785328,0.00653977,0.00522879,0.00391982,0.00261237,0.00130593,0
0.148017,0.144867,0.141773,0.138733,0.135747,0.132813,0.12993,0.127097,0.124313,0.121577,0.118888,0.116244,0.113645,0.11109,0.108578,0.106107,0.103678,0.101288,0.098937,0.0966242,0.0943486,0.0921093,0.0899055,0.0877363,0.0856008,0.0834984,0.081428,0.0793891,0.0773807,0.0754021,0.0734525,0.0715313,0.0696376,0.0677707,0.0659299,0.0641146,0.0623239,0.0605573,0.058814,0.0570933,0.0553947,0.0537174,0.0520609,0.0504244,0.0488074,0.0472091,0.0456291,0.0440667,0.0425213,0.0409922,0.039479,0.037981,0.0364977,0.0350284,0.0335727,0.0321299,0.0306995,0.029281,0.0278737,0.0264772,0.0250909,0.0237143,0.0223469,0.0209881,0.0196374,0.0182942,0.0169582,0.0156286,0.0143051,0.0129872,0.0116742,0.0103657,0.00906129,0.00776033,0.00646237,0.00516691,0.00387344,0.00258146,0.00129048,0
0.146055,0.142952,0.139903,0.136909,0.133966,0.131075,0.128234,0.125442,0.122697,0.12,0.117349,0.114743,0.11218,0.109661,0.107183,0.104746,0.10235,0.0999929,0.097674,0.0953925,0.0931476,0.0909384,0.0887641,0.0866238,0.0845168,0.0824422,0.0803992,0.0783871,0.076405,0.0744523,0.0725282,0.0706319,0.0687628,0.0669201,0.0651031,0.0633111,0.0615435,0.0597995,0.0580786,0.0563799,0.054703,0.0530471,0.0514115,0.0497958,0.0481993,0.0466212,0.0450612,0.0435185,0.0419925,0.0404827,0.0389885,0.0375093,0.0360446,0.0345937,0.0331562,0.0317314,0.0303189,0.028918,0.0275283,0.0261492,0.0247802,0.0234207,0.0220702,0.0207283,0.0193943,0.0180679,0.0167484,0.0154353,0.0141282,0.0128266,0.0115298,0.0102376,0.00894926,0.0076644,0.00638249,0.00510304,0.00382556,0.00254955,0.00127453,0
0.144036,0.140981,0.13798,0.135032,0.132134,0.129287,0.126488,0.123738,0.121035,0.118378,0.115765,0.113197,0.110672,0.108189,0.105747,0.103346,0.100983,0.0986597,0.0963737,0.0941244,0.091911,0.0897328,0.0875888,0.0854783,0.0834004,0.0813544,0.0793395,0.077355,0.0754001,0.073474,0.0715761,0.0697055,0.0678617,0.0660439,0.0642513,0.0624835,0.0607395,0.0590189,0.0573209,0.0556449,0.0539902,0.0523563,0.0507425,0.0491481,0.0475727,0.0460155,0.0444759,0.0429535,0.0414476,0.0399576,0.038483,0.0370232,0.0355776,0.0341457,0.0327269,0.0313207,0.0299266,0.0285439,0.0271723,0.0258111,0.0244599,0.023118,0.0217851,0.0204605,0.0191439,0.0178346,0.0165321,0.015236,0.0139458,0.012661,0.0113811,0.0101055,0.00883379,0.00756551,0.00630015,0.00503721,0.00377621,0.00251667,0.00125809,0
0.141963,0.138958,0.136005,0.133104,0.130252,0.12745,0.124695,0.121988,0.119326,0.11671,0.114138,0.111609,0.109122,0.106676,0.104271,0.101905,0.0995782,0.097289,0.0950366,0.0928204,0.0906394,0.0884929,0.0863801,0.0843001,0.0822522,0.0802356,0.0782496,0.0762934,0.0743663,0.0724676,0.0705966,0.0687525,0.0669346,0.0651424,0.063375,0.0616319,0.0599123,0.0582156,0.0565413,0.0548885,0.0532568,0.0516455,0.050054,0.0484816,0.0469278,0.045392,0.0438737,0.0423721,0.0408868,0.0394172,0.0379627,0.0365228,0.0350969,0.0336845,0.0322851,0.030898,0.0295228,0.0281589,0.0268059,0.0254631,0.0241302,0.0228065,0.0214916,0.0201849,0.018886,0.0175944,0.0163095,0.0150309,0.0137581,0.0124906,0.0112279,0.00996949,0.00871493,0.00746372,0.00621539,0.00496944,0.00372541,0.00248281,0.00124117,0
0.139837,0.136882,0.133979,0.131125,0.128321,0.125564,0.122855,0.120191,0.117573,0.114998,0.112467,0.109978,0.10753,0.105123,0.102755,0.100426,0.0981354,0.0958814,0.0936636,0.0914812,0.0893334,0.0872195,0.0851385,0.0830898,0.0810727,0.0790863,0.0771299,0.0752028,0.0733043,0.0714337,0.0695902,0.0677732,0.0659821,0.064216,0.0624745,0.0607567,0.0590622,0.0573901,0.05574,0.0541112,0.052503,0.0509149,0.0493463,0.0477965,0.046265,0.0447513,0.0432546,0.0417745,0.0403104,0.0388617,0.0374279,0.0360085,0.0346029,0.0332105,0.0318309,0.0304634,0.0291077,0.0277631,0.0264292,0.0251054,0.0237912,0.0224862,0.0211898,0.0199015,0.0186209,0.0173475,0.0160807,0.0148201,0.0135651,0.0123154,0.0110704,0.00982968,0.00859273,0.00735907,0.00612824,0.00489977,0.00367318,0.002448,0.00122377,0
0.137658,0.134756,0.131903,0.129098,0.126342,0.123632,0.120969,0.11835,0.115775,0.113243,0.110754,0.108306,0.105898,0.10353,0.101201,0.0989097,0.0966555,0.0944376,0.0922552,0.0901075,0.0879937,0.085913,0.0838648,0.0818482,0.0798625,0.077907,0.0759809,0.0740837,0.0722144,0.0703726,0.0685574,0.0667682,0.0650044,0.0632653,0.0615502,0.0598585,0.0581896,0.0565428,0.0549176,0.0533133,0.0517292,0.050165,0.0486198,0.0470932,0.0455846,0.0440934,0.042619,0.0411609,0.0397186,0.0382914,0.0368788,0.0354804,0.0340956,0.0327238,0.0313645,0.0300172,0.0286814,0.0273566,0.0260423,0.024738,0.0234432,0.0221573,0.0208799,0.0196106,0.0183487,0.0170939,0.0158457,0.0146035,0.0133669,0.0121355,0.0109087,0.00968611,0.00846723,0.0072516,0.00603875,0.00482822,0.00361955,0.00241226,0.0012059,0
0.135429,0.132579,0.129778,0.127024,0.124316,0.121655,0.119038,0.116465,0.113934,0.111446,0.109,0.106594,0.104227,0.101899,0.0996089,0.097356,0.0951395,0.0929584,0.0908121,0.0886998,0.0866208,0.0845742,0.0825594,0.0805756,0.0786222,0.0766983,0.0748033,0.0729365,0.0710972,0.0692848,0.0674986,0.0657379,0.0640021,0.0622905,0.0606025,0.0589375,0.0572949,0.055674,0.0540742,0.052495,0.0509358,0.0493959,0.0478748,0.046372,0.0448868,0.0434187,0.0419672,0.0405316,0.0391116,0.0377064,0.0363157,0.0349388,0.0335752,0.0322245,0.0308861,0.0295595,0.0282442,0.0269398,0.0256456,0.0243612,0.0230861,0.0218199,0.0205621,0.0193121,0.0180695,0.0168338,0.0156046,0.0143814,0.0131636,0.0119509,0.0107428,0.00953882,0.00833849,0.00714135,0.00594695,0.00475482,0.00356452,0.00237559,0.00118757,0
0.133151,0.130355,0.127605,0.124902,0.122245,0.119632,0.117063,0.114536,0.112052,0.109608,0.107205,0.104842,0.102517,0.10023,0.0979797,0.0957661,0.0935879,0.0914445,0.0893352,0.0872591,0.0852155,0.0832038,0.0812231,0.0792729,0.0773523,0.0754607,0.0735975,0.0717619,0.0699533,0.068171,0.0664144,0.0646828,0.0629756,0.0612922,0.059632,0.0579942,0.0563785,0.0547841,0.0532104,0.0516569,0.050123,0.0486081,0.0471117,0.0456331,0.0441719,0.0427275,0.0412994,0.039887,0.0384897,0.0371071,0.0357387,0.0343838,0.0330421,0.031713,0.030396,0.0290906,0.0277963,0.0265126,0.025239,0.0239751,0.0227203,0.0214742,0.0202364,0.0190062,0.0177834,0.0165673,0.0153576,0.0141537,0.0129553,0.0117618,0.0105728,0.0093879,0.00820656,0.00702837,0.00585287,0.00467961,0.00350814,0.00233801,0.00116878,0
0.130825,0.128083,0.125387,0.122736,0.120129,0.117566,0.115045,0.112566,0.110128,0.10773,0.105371,0.103051,0.100769,0.0985235,0.0963143,0.0941406,0.0920017,0.0898967,0.087825,0.0857858,0.0837785,0.0818023,0.0798565,0.0779404,0.0760535,0.0741949,0.0723641,0.0705603,0.068783,0.0670315,0.0653051,0.0636033,0.0619254,0.0602708,0.0586389,0.0570291,0.0554408,0.0538734,0.0523264,0.0507992,0.0492912,0.0478019,0.0463306,0.044877,0.0434403,0.0420201,0.0406159,0.0392271,0.0378532,0.0364937,0.0351481,0.0338158,0.0324964,0.0311894,0.0298943,0.0286106,0.0273377,0.0260753,0.0248228,0.0235798,0.0223458,0.0211203,0.0199029,0.0186931,0.0174904,0.0162944,0.0151047,0.0139207,0.012742,0.0115682,0.0103988,0.00923338,0.0080715,0.00691271,0.00575655,0.0046026,0.00345041,0.00229954,0.00114955,0
0.128451,0.125765,0.123123,0.120525,0.11797,0.115457,0.112986,0.110555,0.108164,0.105812,0.103499,0.101223,0.098984,0.096781,0.0946135,0.0924805,0.0903815,0.0883156,0.0862823,0.0842808,0.0823103,0.0803704,0.0784601,0.076579,0.0747263,0.0729014,0.0711037,0.0693324,0.067587,0.0658669,0.0641714,0.0625,0.0608519,0.0592267,0.0576237,0.0560424,0.0544822,0.0529425,0.0514227,0.0499224,0.0484408,0.0469776,0.0455321,0.0441038,0.0426922,0.0412968,0.039917,0.0385524,0.0372024,0.0358664,0.0345441,0.033235,0.0319384,0.030654,0.0293812,0.0281196,0.0268688,0.0256281,0.0243972,0.0231756,0.0219628,0.0207584,0.0195619,0.0183729,0.0171909,0.0160154,0.014846,0.0136823,0.0125238,0.0113702,0.0102208,0.00907535,0.00793336,0.00679441,0.00565804,0.00452384,0.00339137,0.0022602,0.00112988,0
0.126033,0.123403,0.120816,0.118271,0.115769,0.113307,0.110886,0.108504,0.106161,0.103856,0.101589,0.0993581,0.0971631,0.0950033,0.092878,0.0907865,0.0887281,0.0867021,0.0847079,0.0827447,0.0808118,0.0789088,0.0770348,0.0751892,0.0733714,0.0715809,0.0698168,0.0680787,0.0663658,0.0646777,0.0630137,0.0613732,0.0597557,0.0581605,0.056587,0.0550348,0.0535032,0.0519917,0.0504997,0.0490267,0.0475722,0.0461356,0.0447164,0.043314,0.0419281,0.0405579,0.0392031,0.0378631,0.0365374,0.0352256,0.0339271,0.0326415,0.0313683,0.0301069,0.028857,0.0276181,0.0263896,0.0251712,0.0239623,0.0227626,0.0215715,0.0203886,0.0192135,0.0180457,0.0168847,0.0157302,0.0145817,0.0134388,0.0123009,0.0111678,0.0100389,0.00891386,0.0077922,0.00667352,0.00555738,0.00444336,0.00333104,0.00221999,0.00110978,0
0.12357,0.120997,0.118466,0.115976,0.113526,0.111117,0.108746,0.106415,0.10412,0.101863,0.0996424,0.0974573,0.0953071,0.0931912,0.0911089,0.0890595,0.0870424,0.085057,0.0831024,0.0811782,0.0792837,0.0774181,0.075581,0.0737716,0.0719894,0.0702338,0.0685041,0.0667997,0.06512,0.0634645,0.0618326,0.0602236,0.0586371,0.0570725,0.0555291,0.0540065,0.0525041,0.0510213,0.0495577,0.0481127,0.0466857,0.0452762,0.0438838,0.0425079,0.0411481,0.0398037,0.0384743,0.0371595,0.0358587,0.0345715,0.0332973,0.0320357,0.0307863,0.0295485,0.0283219,0.027106,0.0259005,0.0247047,0.0235183,0.0223409,0.0211719,0.020011,0.0188577,0.0177116,0.0165722,0.0154391,0.0143119,0.0131901,0.0120734,0.0109612,0.00985321,0.00874898,0.00764808,0.00655009,0.0054546,0.00436119,0.00326944,0.00217893,0.00108926,0
0.121065,0.118549,0.116075,0.11364,0.111244,0.108887,0.106569,0.104287,0.102042,0.0998337,0.0976603,0.0955216,0.0934169,0.0913455,0.0893069,0.0873003,0.0853252,0.0833809,0.0814668,0.0795822,0.0777265,0.0758992,0.0740995,0.072327,0.070581,0.0688608,0.067166,0.065496,0.0638501,0.0622277,0.0606285,0.0590517,0.0574968,0.0559632,0.0544505,0.0529581,0.0514854,0.0500319,0.0485972,0.0471806,0.0457817,0.0443999,0.0430348,0.0416859,0.0403526,0.0390345,0.0377311,0.0364419,0.0351665,0.0339043,0.0326549,0.0314178,0.0301926,0.0289788,0.027776,0.0265837,0.0254015,0.0242289,0.0230655,0.0219108,0.0207644,0.0196259,0.0184948,0.0173708,0.0162534,0.0151421,0.0140366,0.0129364,0.0118412,0.0107504,0.00966376,0.00858077,0.00750105,0.00642418,0.00534975,0.00427736,0.0032066,0.00213705,0.00106832,0
0.118518,0.116061,0.113643,0.111264,0.108924,0.10662,0.104354,0.102123,0.0999287,0.097769,0.0956436,0.0935519,0.0914933,0.0894671,0.0874728,0.0855097,0.0835772,0.0816747,0.0798016,0.0779572,0.0761411,0.0743525,0.072591,0.0708559,0.0691466,0.0674626,0.0658033,0.0641681,0.0625566,0.060968,0.0594019,0.0578578,0.0563351,0.0548332,0.0533517,0.0518899,0.0504475,0.0490238,0.0476185,0.0462309,0.0448605,0.0435069,0.0421697,0.0408482,0.039542,0.0382507,0.0369737,0.0357106,0.034461,0.0332243,0.0320002,0.0307881,0.0295876,0.0283983,0.0272197,0.0260514,0.0248929,0.0237439,0.0226038,0.0214723,0.020349,0.0192333,0.0181249,0.0170234,0.0159284,0.0148394,0.013756,0.0126779,0.0116045,0.0105356,0.00947065,0.00840932,0.00735118,0.00629583,0.00524287,0.00419191,0.00314254,0.00209436,0.00104698,0
0.115932,0.113534,0.111174,0.108851,0.106565,0.104316,0.102102,0.0999239,0.09778,0.0956699,0.0935932,0.0915492,0.0895373,0.087557,0.0856076,0.0836886,0.0817993,0.0799392,0.0781077,0.0763042,0.0745281,0.072779,0.0710561,0.069359,0.067687,0.0660397,0.0644165,0.0628168,0.0612401,0.0596858,0.0581535,0.0566426,0.0551526,0.0536829,0.052233,0.0508025,0.0493909,0.0479975,0.0466221,0.0452639,0.0439226,0.0425977,0.0412887,0.0399952,0.0387166,0.0374525,0.0362024,0.0349659,0.0337426,0.0325319,0.0313334,0.0301467,0.0289714,0.027807,0.0266531,0.0255092,0.024375,0.02325,0.0221337,0.0210258,0.0199259,0.0188335,0.0177482,0.0166696,0.0155974,0.014531,0.0134702,0.0124145,0.0113635,0.0103168,0.00927395,0.00823467,0.00719851,0.00616509,0.005134,0.00410487,0.00307729,0.00205088,0.00102524,0
0.113307,0.110968,0.108666,0.106401,0.104171,0.101976,0.0998161,0.09769,0.0955974,0.0935376,0.0915101,0.0895144,0.0875499,0.085616,0.0837121,0.0818377,0.0799922,0.0781751,0.0763858,0.0746237,0.0728884,0.0711791,0.0694955,0.0678369,0.0662029,0.0645928,0.0630062,0.0614425,0.0599012,0.0583818,0.0568838,0.0554066,0.0539497,0.0525128,0.0510951,0.0496964,0.048316,0.0469534,0.0456083,0.0442801,0.0429684,0.0416727,0.0403924,0.0391273,0.0378767,0.0366403,0.0354176,0.0342081,0.0330115,0.0318272,0.0306549,0.0294941,0.0283444,0.0272053,0.0260765,0.0249575,0.0238479,0.0227473,0.0216552,0.0205714,0.0194953,0.0184265,0.0173647,0.0163095,0.0152605,0.0142172,0.0131793,0.0121464,0.0111181,0.010094,0.00907375,0.00805691,0.00704313,0.00603202,0.00502319,0.00401627,0.00301087,0.00200661,0.00100312,0
0.110644,0.108366,0.106123,0.103915,0.101741,0.0996019,0.0974959,0.0954227,0.093382,0.091373,0.0893954,0.0874485,0.0855319,0.083645,0.0817872,0.079958,0.0781569,0.0763833,0.0746367,0.0729166,0.0712225,0.0695537,0.0679099,0.0662904,0.0646948,0.0631225,0.061573,0.0600458,0.0585405,0.0570564,0.0555932,0.0541502,0.0527271,0.0513233,0.0499384,0.0485719,0.0472232,0.045892,0.0445777,0.04328,0.0419982,0.0407321,0.0394811,0.0382448,0.0370227,0.0358144,0.0346195,0.0334376,0.0322681,0.0311107,0.0299649,0.0288304,0.0277067,0.0265934,0.0254901,0.0243963,0.0233118,0.022236,0.0211686,0.0201091,0.0190573,0.0180126,0.0169747,0.0159433,0.0149178,0.013898,0.0128835,0.0118738,0.0108686,0.00986747,0.00887011,0.00787611,0.00688508,0.00589667,0.00491048,0.00392616,0.00294332,0.00196159,0.000980611,0
0.107946,0.105728,0.103544,0.101395,0.099278,0.0971942,0.0951428,0.0931231,0.0911347,0.0891772,0.0872499,0.0853525,0.0834843,0.0816448,0.0798337,0.0780502,0.076294,0.0745645,0.0728612,0.0711836,0.0695312,0.0679035,0.0663,0.0647201,0.0631634,0.0616294,0.0601176,0.0586274,0.0571585,0.0557103,0.0542823,0.0528741,0.0514852,0.0501151,0.0487634,0.0474295,0.0461131,0.0448136,0.0435307,0.0422638,0.0410125,0.0397765,0.0385551,0.0373481,0.036155,0.0349753,0.0338086,0.0326545,0.0315126,0.0303825,0.0292637,0.0281559,0.0270586,0.0259715,0.0248941,0.0238261,0.0227669,0.0217164,0.020674,0.0196394,0.0186122,0.0175919,0.0165784,0.015571,0.0145696,0.0135736,0.0125827,0.0115966,0.0106149,0.0096372,0.00866313,0.00769233,0.00672444,0.00575909,0.00479592,0.00383456,0.00287465,0.00191583,0.000957734,0
0.105213,0.103056,0.100932,0.098841,0.0967818,0.0947543,0.0927579,0.0907922,0.0888568,0.0869511,0.0850747,0.0832272,0.0814079,0.0796165,0.0778525,0.0761153,0.0744045,0.0727196,0.0710601,0.0694255,0.0678154,0.0662292,0.0646664,0.0631266,0.0616094,0.0601141,0.0586405,0.0571878,0.0557558,0.0543439,0.0529517,0.0515787,0.0502245,0.0488885,0.0475704,0.0462697,0.044986,0.0437187,0.0424676,0.041232,0.0400117,0.0388061,0.0376149,0.0364376,0.0352738,0.0341231,0.0329851,0.0318593,0.0307454,0.029643,0.0285516,0.0274709,0.0264005,0.0253399,0.0242888,0.0232468,0.0222136,0.0211886,0.0201717,0.0191622,0.01816,0.0171647,0.0161757,0.0151929,0.0142158,0.013244,0.0122773,0.0113151,0.0103573,0.0094033,0.00845288,0.00750565,0.00656126,0.00561934,0.00467955,0.00374152,0.0028049,0.00186935,0.000934497,0
0.102446,0.100351,0.0982876,0.0962554,0.0942541,0.0922832,0.0903424,0.0884312,0.0865491,0.0846958,0.0828708,0.0810736,0.0793038,0.0775609,0.0758445,0.074154,0.0724891,0.0708493,0.0692341,0.067643,0.0660756,0.0645314,0.0630099,0.0615107,0.0600334,0.0585774,0.0571423,0.0557277,0.0543331,0.052958,0.051602,0.0502647,0.0489455,0.0476442,0.0463602,0.0450931,0.0438424,0.0426078,0.0413889,0.0401851,0.0389961,0.0378214,0.0366607,0.0355136,0.0343796,0.0332583,0.0321493,0.0310523,0.0299668,0.0288925,0.0278289,0.0267757,0.0257325,0.0246988,0.0236745,0.0226589,0.0216519,0.0206529,0.0196617,0.0186779,0.0177011,0.0167309,0.0157671,0.0148091,0.0138567,0.0129095,0.0119672,0.0110294,0.0100957,0.00916586,0.00823945,0.00731615,0.00639561,0.00547748,0.00456141,0.00364707,0.0027341,0.00182216,0.000910907,0
0.0996478,0.0976146,0.0956118,0.093639,0.0916959,0.0897822,0.0878973,0.086041,0.0842128,0.0824123,0.080639,0.0788927,0.0771728,0.0754788,0.0738105,0.0721673,0.0705487,0.0689545,0.067384,0.0658368,0.0643126,0.0628109,0.0613312,0.0598731,0.0584361,0.0570198,0.0556238,0.0542476,0.0528908,0.051553,0.0502336,0.0489324,0.0476489,0.0463825,0.0451331,0.0439,0.0426829,0.0414814,0.040295,0.0391234,0.0379661,0.0368228,0.0356931,0.0345765,0.0334726,0.0323811,0.0313016,0.0302337,0.0291771,0.0281312,0.0270958,0.0260705,0.0250548,0.0240486,0.0230513,0.0220626,0.0210821,0.0201095,0.0191445,0.0181866,0.0172356,0.0162909,0.0153525,0.0144197,0.0134924,0.0125702,0.0116526,0.0107395,0.00983038,0.00892498,0.00802293,0.0071239,0.00622756,0.00533355,0.00444156,0.00355124,0.00266226,0.00177428,0.000886975,0
0.0968188,0.0948478,0.092906,0.090993,0.0891085,0.0872522,0.0854238,0.0836227,0.0818488,0.0801015,0.0783805,0.0766854,0.0750158,0.0733713,0.0717515,0.0701559,0.0685842,0.0670358,0.0655105,0.0640078,0.0625273,0.0610684,0.0596309,0.0582143,0.0568181,0.055442,0.0540855,0.0527481,0.0514296,0.0501294,0.0488472,0.0475825,0.046335,0.0451041,0.0438896,0.0426909,0.0415078,0.0403397,0.0391864,0.0380474,0.0369223,0.0358107,0.0347123,0.0336266,0.0325533,0.0314921,0.0304424,0.029404,0.0283765,0.0273595,0.0263526,0.0253556,0.0243679,0.0233894,0.0224195,0.021458,0.0205045,0.0195586,0.0186201,0.0176885,0.0167635,0.0158449,0.0149321,0.014025,0.0131231,0.0122261,0.0113337,0.0104456,0.00956136,0.00868075,0.00780339,0.00692897,0.00605716,0.00518763,0.00432004,0.00345409,0.00258943,0.00172574,0.00086271,0
0.0939603,0.0920519,0.0901714,0.0883185,0.086493,0.0846946,0.0829228,0.0811774,0.0794581,0.0777644,0.0760961,0.0744526,0.0728338,0.0712391,0.0696682,0.0681207,0.0665962,0.0650943,0.0636146,0.0621567,0.0607202,0.0593047,0.0579098,0.0565351,0.0551801,0.0538446,0.052528,0.05123,0.0499501,0.048688,0.0474433,0.0462156,0.0450044,0.0438094,0.0426302,0.0414664,0.0403176,0.0391835,0.0380635,0.0369575,0.0358649,0.0347855,0.0337188,0.0326644,0.0316221,0.0305914,0.029572,0.0285634,0.0275655,0.0265777,0.0255997,0.0246313,0.023672,0.0227215,0.0217794,0.0208454,0.0199192,0.0190004,0.0180887,0.0171838,0.0162853,0.0153929,0.0145062,0.0136249,0.0127488,0.0118774,0.0110105,0.0101477,0.00928875,0.00843326,0.00758093,0.00673145,0.0058845,0.00503975,0.0041969,0.00335563,0.00251562,0.00167656,0.00083812,0
0.0910737,0.089228,0.0874091,0.0856167,0.0838505,0.0821102,0.0803955,0.0787062,0.0770418,0.0754021,0.0737868,0.0721954,0.0706276,0.0690831,0.0675616,0.0660625,0.0645856,0.0631305,0.0616969,0.0602842,0.0588922,0.0575204,0.0561685,0.0548361,0.0535228,0.0522282,0.050952,0.0496936,0.0484529,0.0472293,0.0460225,0.044832,0.0436577,0.0424989,0.0413555,0.0402269,0.0391129,0.038013,0.0369269,0.0358542,0.0347945,0.0337476,0.0327129,0.0316903,0.0306793,0.0296795,0.0286906,0.0277123,0.0267442,0.025786,0.0248374,0.0238979,0.0229672,0.0220451,0.0211312,0.0202251,0.0193265,0.0184352,0.0175507,0.0166727,0.015801,0.0149351,0.0140748,0.0132198,0.0123698,0.0115243,0.0106832,0.0098461,0.00901267,0.00818262,0.00735563,0.0065314,0.00570963,0.00488999,0.00407219,0.00325592,0.00244087,0.00162674,0.000813217,0
0.0881601,0.0863775,0.0846205,0.0828888,0.0811821,0.0795003,0.077843,0.07621,0.0746009,0.0730155,0.0714535,0.0699145,0.0683983,0.0669043,0.0654325,0.0639822,0.0625534,0.0611455,0.0597582,0.0583911,0.057044,0.0557163,0.0544078,0.0531181,0.0518468,0.0505936,0.0493581,0.0481398,0.0469385,0.0457538,0.0445852,0.0434325,0.0422953,0.0411732,0.0400659,0.0389729,0.037894,0.0368287,0.0357768,0.0347378,0.0337114,0.0326973,0.0316952,0.0307045,0.0297252,0.0287567,0.0277988,0.026851,0.0259132,0.0249849,0.0240658,0.0231556,0.022254,0.0213606,0.0204752,0.0195973,0.0187267,0.017863,0.0170061,0.0161554,0.0153107,0.0144718,0.0136383,0.0128098,0.0119861,0.0111669,0.0103519,0.00954079,0.00873322,0.00792892,0.00712758,0.00632891,0.00553262,0.0047384,0.00394596,0.00315499,0.00236521,0.00157631,0.000788009,0
0.0852208,0.0835015,0.0818066,0.0801358,0.0784889,0.0768658,0.0752662,0.0736898,0.0721364,0.0706056,0.0690973,0.067611,0.0661465,0.0647035,0.0632817,0.0618807,0.0605002,0.0591398,0.0577992,0.0564782,0.0551762,0.0538931,0.0526284,0.0513817,0.0501529,0.0489413,0.0477469,0.0465691,0.0454076,0.0442621,0.0431322,0.0420176,0.0409179,0.0398328,0.0387619,0.0377049,0.0366615,0.0356312,0.0346138,0.0336088,0.0326161,0.0316352,0.0306658,0.0297076,0.0287602,0.0278234,0.0268967,0.0259799,0.0250726,0.0241746,0.0232854,0.0224049,0.0215326,0.0206682,0.0198116,0.0189622,0.0181199,0.0172843,0.0164551,0.0156321,0.0148148,0.0140031,0.0131966,0.012395,0.011598,0.0108054,0.0100168,0.00923192,0.00845051,0.00767225,0.00689687,0.00612406,0.00535355,0.00458504,0.00381824,0.00305288,0.00228866,0.0015253,0.000762506,0
0.0822571,0.0806012,0.0789685,0.0773589,0.0757721,0.0742079,0.0726662,0.0711467,0.0696492,0.0681734,0.066719,0.0652858,0.0638734,0.0624816,0.0611102,0.0597587,0.0584268,0.0571143,0.0558209,0.0545461,0.0532898,0.0520515,0.0508309,0.0496277,0.0484415,0.0472721,0.046119,0.044982,0.0438607,0.0427548,0.041664,0.0405878,0.039526,0.0384782,0.0374441,0.0364234,0.0354158,0.0344208,0.0334383,0.0324678,0.031509,0.0305616,0.0296253,0.0286998,0.0277848,0.0268799,0.0259848,0.0250992,0.0242228,0.0233553,0.0224964,0.0216458,0.0208032,0.0199682,0.0191406,0.0183201,0.0175064,0.0166992,0.0158981,0.015103,0.0143134,0.0135292,0.01275,0.0119756,0.0112056,0.0104398,0.00967791,0.00891961,0.00816465,0.00741273,0.00666358,0.00591692,0.00517247,0.00442996,0.00368911,0.00294963,0.00221126,0.00147371,0.000736718,0
0.07927,0.0776777,0.0761075,0.0745591,0.0730326,0.0715276,0.0700441,0.0685817,0.0671404,0.0657197,0.0643196,0.0629397,0.0615797,0.0602395,0.0589187,0.057617,0.0563342,0.0550699,0.0538238,0.0525957,0.0513853,0.0501921,0.049016,0.0478566,0.0467135,0.0455865,0.0444752,0.0433793,0.0422986,0.0412326,0.040181,0.0391436,0.03812,0.0371099,0.036113,0.0351289,0.0341574,0.0331981,0.0322507,0.031315,0.0303905,0.029477,0.0285741,0.0276816,0.0267992,0.0259266,0.0250634,0.0242094,0.0233642,0.0225276,0.0216992,0.0208788,0.0200662,0.0192609,0.0184627,0.0176713,0.0168864,0.0161078,0.0153352,0.0145683,0.0138067,0.0130503,0.0122987,0.0115517,0.010809,0.0100704,0.00933543,0.00860398,0.00787574,0.00715044,0.00642781,0.00570758,0.00498947,0.00427323,0.00355859,0.00284528,0.00213303,0.00142158,0.000710656,0
0.0762608,0.0747322,0.0732245,0.0717377,0.0702716,0.068826,0.0674008,0.0659958,0.0646108,0.0632456,0.0619,0.0605736,0.0592664,0.057978,0.0567081,0.0554565,0.054223,0.0530072,0.0518089,0.0506278,0.0494635,0.0483159,0.0471845,0.0460691,0.0449694,0.0438852,0.042816,0.0417616,0.0407216,0.0396959,0.038684,0.0376857,0.0367006,0.0357285,0.034769,0.0338219,0.0328868,0.0319635,0.0310516,0.0301509,0.029261,0.0283816,0.0275126,0.0266534,0.025804,0.0249639,0.0241329,0.0233107,0.022497,0.0216915,0.020894,0.0201042,0.0193217,0.0185464,0.0177779,0.0170159,0.0162602,0.0155106,0.0147666,0.0140282,0.0132949,0.0125665,0.0118429,0.0111236,0.0104084,0.00969715,0.00898948,0.00828515,0.00758391,0.0068855,0.00618965,0.00549611,0.00480461,0.00411492,0.00342675,0.00273987,0.00205401,0.00136891,0.000684328,0
0.0732306,0.0717657,0.0703208,0.0688955,0.06749,0.066104,0.0647374,0.0633899,0.0620615,0.060752,0.0594611,0.0581885,0.0569342,0.0556979,0.0544793,0.0532781,0.0520941,0.0509271,0.0497768,0.0486429,0.0475252,0.0464233,0.045337,0.044266,0.04321,0.0421688,0.041142,0.0401293,0.0391306,0.0381453,0.0371734,0.0362145,0.0352683,0.0343344,0.0334127,0.0325029,0.0316046,0.0307175,0.0298414,0.028976,0.028121,0.0272761,0.0264411,0.0256155,0.0247993,0.0239921,0.0231936,0.0224035,0.0216216,0.0208476,0.0200812,0.0193222,0.0185702,0.0178251,0.0170866,0.0163543,0.0156281,0.0149076,0.0141926,0.0134829,0.0127781,0.0120781,0.0113826,0.0106913,0.010004,0.00932035,0.00864019,0.00796325,0.00728926,0.00661799,0.00594918,0.00528259,0.00461797,0.00395507,0.00329364,0.00263344,0.00197422,0.00131574,0.000657746,0
0.0701804,0.0687794,0.0673973,0.0660338,0.064689,0.0633626,0.0620547,0.060765,0.0594934,0.0582397,0.0570038,0.0557853,0.0545842,0.0534001,0.052233,0.0510825,0.0499483,0.0488304,0.0477284,0.046642,0.045571,0.0445152,0.0434743,0.0424479,0.0414359,0.040438,0.0394539,0.0384833,0.0375259,0.0365816,0.0356499,0.0347306,0.0338235,0.0329283,0.0320447,0.0311723,0.0303111,0.0294605,0.0286205,0.0277907,0.0269709,0.0261608,0.02536,0.0245684,0.0237857,0.0230116,0.0222458,0.0214882,0.0207383,0.019996,0.019261,0.0185331,0.0178119,0.0170973,0.016389,0.0156867,0.0149901,0.0142991,0.0136133,0.0129326,0.0122567,0.0115853,0.0109182,0.0102551,0.00959581,0.0089401,0.0082877,0.00763839,0.00699191,0.00634803,0.00570651,0.00506712,0.00442961,0.00379375,0.0031593,0.00252603,0.0018937,0.00126207,0.000630919,0
0.0671115,0.0657744,0.0644551,0.0631534,0.0618694,0.060603,0.0593539,0.0581221,0.0569075,0.0557098,0.054529,0.0533648,0.052217,0.0510855,0.0499701,0.0488704,0.0477864,0.0467178,0.0456643,0.0446257,0.0436018,0.0425923,0.0415969,0.0406155,0.0396478,0.0386935,0.0377523,0.036824,0.0359084,0.0350051,0.034114,0.0332347,0.032367,0.0315106,0.0306653,0.0298308,0.0290068,0.0281931,0.0273895,0.0265956,0.0258112,0.025036,0.0242699,0.0235124,0.0227635,0.0220228,0.0212901,0.020565,0.0198475,0.0191372,0.0184339,0.0177372,0.0170471,0.0163633,0.0156854,0.0150133,0.0143467,0.0136854,0.0130291,0.0123776,0.0117307,0.0110881,0.0104497,0.00981507,0.0091841,0.00855654,0.00793215,0.0073107,0.00669196,0.00607571,0.00546172,0.00484976,0.0042396,0.00363102,0.00302378,0.00241768,0.00181247,0.00120794,0.000603857,0
0.0640247,0.0627516,0.0614952,0.0602555,0.0590324,0.0578259,0.0566358,0.0554621,0.0543046,0.0531631,0.0520376,0.0509279,0.0498337,0.0487549,0.0476914,0.0466429,0.0456091,0.04459,0.0435853,0.0425947,0.0416181,0.0406552,0.0397057,0.0387695,0.0378462,0.0369358,0.0360378,0.0351521,0.0342785,0.0334166,0.0325662,0.0317271,0.0308991,0.0300818,0.0292751,0.0284787,0.0276923,0.0269157,0.0261486,0.0253909,0.0246422,0.0239023,0.023171,0.022448,0.0217331,0.021026,0.0203266,0.0196345,0.0189495,0.0182714,0.0175999,0.0169349,0.0162761,0.0156232,0.014976,0.0143344,0.013698,0.0130666,0.01244,0.011818,0.0112004,0.0105869,0.00997732,0.00937143,0.00876899,0.00816981,0.00757365,0.0069803,0.00638954,0.00580114,0.00521491,0.0046306,0.00404802,0.00346694,0.00288715,0.00230843,0.00173057,0.00115336,0.000576572,0
0.0609213,0.0597121,0.0585187,0.0573409,0.0561789,0.0550324,0.0539014,0.0527858,0.0516856,0.0506005,0.0495305,0.0484754,0.047435,0.0464091,0.0453977,0.0444005,0.0434173,0.0424479,0.0414922,0.0405499,0.0396207,0.0387046,0.0378013,0.0369105,0.036032,0.0351656,0.0343111,0.0334682,0.0326368,0.0318165,0.0310072,0.0302086,0.0294205,0.0286426,0.0278747,0.0271166,0.026368,0.0256287,0.0248985,0.0241772,0.0234644,0.0227601,0.0220638,0.0213755,0.0206949,0.0200217,0.0193557,0.0186968,0.0180446,0.0173989,0.0167596,0.0161264,0.0154991,0.0148774,0.0142612,0.0136502,0.0130442,0.012443,0.0118464,0.0112541,0.010666,0.0100818,0.0095013,0.00892433,0.00835065,0.00778007,0.00721236,0.00664732,0.00608475,0.00552443,0.00496616,0.00440973,0.00385494,0.00330158,0.00274944,0.00219833,0.00164803,0.00109835,0.000549072,0
0.0578022,0.0566569,0.0555265,0.0544108,0.0533097,0.0522234,0.0511516,0.0500943,0.0490515,0.0480229,0.0470085,0.0460082,0.0450217,0.044049,0.0430899,0.0421441,0.0412117,0.0402922,0.0393857,0.0384918,0.0376104,0.0367413,0.0358843,0.0350391,0.0342056,0.0333836,0.0325728,0.031773,0.030984,0.0302056,0.0294375,0.0286796,0.0279316,0.0271933,0.0264645,0.025745,0.0250344,0.0243327,0.0236396,0.0229549,0.0222783,0.0216097,0.0209488,0.0202953,0.0196492,0.0190101,0.0183779,0.0177523,0.0171332,0.0165202,0.0159132,0.0153121,0.0147165,0.0141263,0.0135412,0.0129611,0.0123857,0.0118149,0.0112484,0.010686,0.0101276,0.00957294,0.00902177,0.00847394,0.00792923,0.00738745,0.0068484,0.00631189,0.00577771,0.00524567,0.00471558,0.00418723,0.00366043,0.00313499,0.00261072,0.00208741,0.00156488,0.00104293,0.00052137,0
0.0546683,0.053587,0.0525196,0.0514659,0.050426,0.0493998,0.0483873,0.0473884,0.0464031,0.0454311,0.0444725,0.0435271,0.0425947,0.0416753,0.0407686,0.0398746,0.038993,0.0381237,0.0372665,0.0364213,0.0355879,0.034766,0.0339555,0.0331562,0.0323679,0.0315904,0.0308235,0.0300669,0.0293206,0.0285843,0.0278577,0.0271407,0.0264331,0.0257346,0.0250451,0.0243643,0.0236921,0.0230282,0.0223724,0.0217245,0.0210843,0.0204516,0.0198262,0.0192079,0.0185965,0.0179917,0.0173935,0.0168015,0.0162155,0.0156355,0.0150611,0.0144921,0.0139285,0.0133699,0.0128162,0.0122672,0.0117227,0.0111824,0.0106463,0.0101141,0.00958556,0.00906058,0.00853893,0.00802043,0.00750489,0.00699211,0.00648192,0.00597413,0.00546854,0.00496498,0.00446325,0.00396318,0.00346457,0.00296725,0.00247103,0.00197573,0.00148115,0.00098713,0.000493474,0
0.0515207,0.0505034,0.0494989,0.0485073,0.0475286,0.0465626,0.0456095,0.0446691,0.0437413,0.0428261,0.0419233,0.041033,0.0401548,0.0392888,0.0384348,0.0375926,0.036762,0.0359431,0.0351355,0.0343391,0.0335538,0.0327793,0.0320155,0.0312623,0.0305193,0.0297866,0.0290638,0.0283507,0.0276473,0.0269532,0.0262683,0.0255925,0.0249254,0.024267,0.023617,0.0229752,0.0223414,0.0217155,0.0210972,0.0204864,0.0198828,0.0192863,0.0186966,0.0181136,0.0175371,0.0169669,0.0164028,0.0158446,0.0152921,0.0147451,0.0142034,0.013667,0.0131355,0.0126087,0.0120866,0.0115688,0.0110553,0.0105459,0.0100403,0.00953839,0.00903998,0.00854489,0.00805295,0.00756397,0.00707778,0.0065942,0.00611305,0.00563416,0.00515735,0.00468245,0.00420928,0.00373766,0.00326743,0.00279841,0.00233043,0.00186331,0.00139688,0.000930963,0.000465395,0
0.0483603,0.0474069,0.0464654,0.0455359,0.0446183,0.0437127,0.0428189,0.0419371,0.041067,0.0402086,0.0393618,0.0385266,0.0377028,0.0368904,0.0360891,0.0352989,0.0345196,0.0337511,0.0329932,0.0322458,0.0315088,0.0307819,0.0300651,0.029358,0.0286607,0.0279728,0.0272943,0.0266249,0.0259645,0.025313,0.02467,0.0240354,0.0234091,0.0227909,0.0221806,0.021578,0.0209829,0.0203952,0.0198146,0.019241,0.0186742,0.0181141,0.0175603,0.0170129,0.0164715,0.015936,0.0154062,0.0148819,0.0143631,0.0138494,0.0133407,0.0128368,0.0123376,0.0118429,0.0113525,0.0108663,0.010384,0.0099055,0.00943063,0.00895921,0.00849109,0.00802608,0.00756402,0.00710474,0.00664807,0.00619386,0.00574193,0.00529212,0.00484426,0.00439819,0.00395375,0.00351077,0.00306908,0.00262854,0.00218896,0.0017502,0.00131208,0.000874451,0.000437145,0
0.045188,0.0442985,0.04342,0.0425525,0.0416962,0.0408508,0.0400166,0.0391933,0.038381,0.0375795,0.0367888,0.0360089,0.0352396,0.0344808,0.0337324,0.0329943,0.0322664,0.0315485,0.0308405,0.0301423,0.0294537,0.0287746,0.0281048,0.0274442,0.0267925,0.0261498,0.0255157,0.0248902,0.0242731,0.0236641,0.0230632,0.0224702,0.0218848,0.021307,0.0207366,0.0201733,0.0196171,0.0190677,0.0185251,0.0179889,0.0174591,0.0169355,0.0164178,0.0159061,0.0153999,0.0148993,0.0144041,0.013914,0.0134289,0.0129487,0.0124731,0.0120021,0.0115354,0.0110729,0.0106144,0.0101598,0.00970885,0.00926149,0.00881751,0.00837676,0.00793908,0.00750432,0.0070723,0.00664289,0.00621592,0.00579124,0.0053687,0.00494813,0.00452939,0.00411232,0.00369676,0.00328258,0.00286961,0.00245769,0.00204669,0.00163644,0.0012268,0.000817617,0.000408733,0
0.0420048,0.041179,0.0403635,0.0395581,0.038763,0.037978,0.0372032,0.0364386,0.0356841,0.0349396,0.0342051,0.0334806,0.0327658,0.0320608,0.0313654,0.0306796,0.0300031,0.029336,0.028678,0.0280291,0.0273891,0.0267579,0.0261353,0.0255213,0.0249156,0.0243181,0.0237286,0.0231471,0.0225734,0.0220073,0.0214486,0.0208972,0.020353,0.0198158,0.0192854,0.0187616,0.0182445,0.0177336,0.017229,0.0167305,0.0162378,0.0157509,0.0152695,0.0147936,0.0143229,0.0138574,0.0133968,0.012941,0.0124899,0.0120433,0.011601,0.0111629,0.0107289,0.0102988,0.00987235,0.00944954,0.00903017,0.0086141,0.00820117,0.00779125,0.00738417,0.00697981,0.006578,0.00617861,0.00578149,0.0053865,0.00499349,0.00460232,0.00421285,0.00382493,0.00343842,0.00305318,0.00266907,0.00228594,0.00190366,0.00152209,0.00114107,0.00076048,0.00038017,0
0.0388114,0.0380495,0.0372968,0.0365535,0.0358196,0.035095,0.0343797,0.0336738,0.0329772,0.0322898,0.0316115,0.0309424,0.0302823,0.0296312,0.0289889,0.0283554,0.0277306,0.0271143,0.0265065,0.0259071,0.0253158,0.0247326,0.0241574,0.02359,0.0230304,0.0224783,0.0219337,0.0213963,0.0208661,0.020343,0.0198267,0.0193171,0.0188142,0.0183177,0.0178275,0.0173435,0.0168655,0.0163933,0.0159269,0.0154661,0.0150107,0.0145607,0.0141158,0.0136758,0.0132408,0.0128105,0.0123847,0.0119634,0.0115464,0.0111336,0.0107247,0.0103198,0.00991856,0.00952092,0.00912674,0.00873589,0.00834821,0.00796357,0.00758184,0.00720289,0.00682657,0.00645274,0.00608129,0.00571206,0.00534494,0.00497978,0.00461645,0.00425482,0.00389476,0.00353613,0.00317881,0.00282266,0.00246755,0.00211335,0.00175993,0.00140717,0.00105492,0.000703064,0.000351467,0
0.0356088,0.0349106,0.0342208,0.0335396,0.0328669,0.0322027,0.031547,0.0308998,0.0302611,0.0296308,0.0290088,0.0283953,0.0277899,0.0271928,0.0266037,0.0260227,0.0254496,0.0248843,0.0243267,0.0237768,0.0232344,0.0226994,0.0221717,0.0216511,0.0211377,0.0206311,0.0201314,0.0196383,0.0191518,0.0186718,0.018198,0.0177305,0.0172689,0.0168133,0.0163635,0.0159193,0.0154806,0.0150473,0.0146193,0.0141964,0.0137784,0.0133654,0.012957,0.0125533,0.012154,0.011759,0.0113683,0.0109816,0.0105988,0.0102199,0.00984461,0.00947291,0.00910463,0.00873964,0.00837783,0.00801906,0.00766321,0.00731015,0.00695975,0.0066119,0.00626646,0.00592332,0.00558235,0.00524343,0.00490643,0.00457123,0.00423771,0.00390575,0.00357523,0.00324603,0.00291802,0.00259109,0.00226512,0.00193998,0.00161556,0.00129173,0.00096838,0.000645388,0.000322634,0
0.0323978,0.0317633,0.0311364,0.0305172,0.0299056,0.0293018,0.0287057,0.0281173,0.0275365,0.0269634,0.0263979,0.0258399,0.0252893,0.0247462,0.0242105,0.023682,0.0231607,0.0226465,0.0221393,0.021639,0.0211456,0.0206589,0.0201788,0.0197052,0.019238,0.0187771,0.0183224,0.0178738,0.0174311,0.0169943,0.0165632,0.0161378,0.0157178,0.0153032,0.0148938,0.0144896,0.0140904,0.013696,0.0133065,0.0129216,0.0125413,0.0121653,0.0117937,0.0114262,0.0110628,0.0107033,0.0103477,0.00999575,0.00964739,0.00930249,0.00896094,0.00862262,0.00828741,0.0079552,0.00762588,0.00729933,0.00697542,0.00665406,0.00633513,0.0060185,0.00570408,0.00539174,0.00508137,0.00477287,0.00446612,0.004161,0.00385742,0.00355526,0.0032544,0.00295474,0.00265617,0.00235858,0.00206186,0.00176589,0.00147058,0.00117582,0.000881482,0.000587474,0.000293683,0
0.0291793,0.0286083,0.0280443,0.027487,0.0269367,0.0263933,0.0258568,0.0253271,0.0248044,0.0242885,0.0237793,0.023277,0.0227813,0.0222924,0.02181,0.0213341,0.0208647,0.0204017,0.019945,0.0194945,0.0190501,0.0186117,0.0181794,0.0177528,0.0173321,0.016917,0.0165074,0.0161033,0.0157046,0.0153112,0.0149228,0.0145396,0.0141613,0.0137878,0.013419,0.0130549,0.0126952,0.01234,0.0119891,0.0116423,0.0112997,0.010961,0.0106262,0.0102951,0.00996774,0.00964388,0.00932346,0.00900637,0.00869251,0.00838176,0.00807404,0.00776922,0.0074672,0.00716789,0.00687117,0.00657694,0.00628511,0.00599556,0.00570819,0.00542291,0.00513961,0.00485818,0.00457853,0.00430056,0.00402417,0.00374926,0.00347572,0.00320345,0.00293237,0.00266236,0.00239334,0.0021252,0.00185783,0.00159116,0.00132507,0.00105947,0.00079426,0.000529344,0.000264623,0
0.0259539,0.0254466,0.0249453,0.02445,0.0239609,0.0234779,0.023001,0.0225301,0.0220654,0.0216067,0.0211541,0.0207074,0.0202667,0.0198319,0.019403,0.0189798,0.0185624,0.0181506,0.0177444,0.0173438,0.0169485,0.0165587,0.0161741,0.0157947,0.0154205,0.0150513,0.014687,0.0143275,0.0139729,0.0136229,0.0132774,0.0129365,0.0125999,0.0122677,0.0119396,0.0116157,0.0112957,0.0109797,0.0106675,0.010359,0.0100542,0.00975283,0.00945495,0.00916041,0.00886912,0.00858098,0.00829589,0.00801377,0.00773451,0.00745803,0.00718423,0.00691302,0.0066443,0.00637798,0.00611397,0.00585218,0.00559251,0.00533488,0.00507918,0.00482534,0.00457326,0.00432285,0.00407403,0.00382669,0.00358075,0.00333613,0.00309274,0.00285048,0.00260926,0.00236901,0.00212963,0.00189103,0.00165313,0.00141584,0.00117907,0.000942734,0.000706746,0.000471019,0.000235466,0
0.0227226,0.0222788,0.0218402,0.021407,0.020979,0.0205564,0.0201391,0.0197271,0.0193204,0.018919,0.0185228,0.0181319,0.0177462,0.0173656,0.0169902,0.0166198,0.0162544,0.0158939,0.0155384,0.0151876,0.0148417,0.0145004,0.0141637,0.0138315,0.0135039,0.0131806,0.0128617,0.012547,0.0122364,0.01193,0.0116275,0.011329,0.0110343,0.0107434,0.0104561,0.0101724,0.00989229,0.00961556,0.00934218,0.00907205,0.00880509,0.00854123,0.00828038,0.00802245,0.00776736,0.00751503,0.00726537,0.00701831,0.00677376,0.00653163,0.00629185,0.00605434,0.00581901,0.00558578,0.00535457,0.0051253,0.00489789,0.00467226,0.00444833,0.00422602,0.00400525,0.00378595,0.00356803,0.00335141,0.00313603,0.00292179,0.00270863,0.00249645,0.0022852,0.00207479,0.00186514,0.00165617,0.00144782,0.00124,0.00103263,0.000825651,0.000618972,0.000412521,0.000206223,0
0.0194861,0.0191058,0.0187299,0.0183586,0.0179918,0.0176296,0.0172718,0.0169187,0.0165701,0.016226,0.0158864,0.0155512,0.0152206,0.0148943,0.0145724,0.0142548,0.0139415,0.0136324,0.0133275,0.0130268,0.0127301,0.0124374,0.0121487,0.0118639,0.0115829,0.0113057,0.0110321,0.0107623,0.0104959,0.0102331,0.00997371,0.00971768,0.00946493,0.00921541,0.00896904,0.00872574,0.00848545,0.0082481,0.00801362,0.00778192,0.00755295,0.00732663,0.00710288,0.00688165,0.00666285,0.00644641,0.00623227,0.00602034,0.00581058,0.00560289,0.00539721,0.00519348,0.00499161,0.00479155,0.00459322,0.00439656,0.00420149,0.00400794,0.00381586,0.00362516,0.00343579,0.00324766,0.00306073,0.00287492,0.00269015,0.00250638,0.00232352,0.00214152,0.0019603,0.0017798,0.00159996,0.00142071,0.00124198,0.0010637,0.000885821,0.000708265,0.000530971,0.000353872,0.000176903,0
0.0162451,0.0159283,0.0156151,0.0153057,0.0150001,0.0146982,0.0144001,0.0141058,0.0138153,0.0135285,0.0132454,0.0129661,0.0126905,0.0124185,0.0121502,0.0118855,0.0116243,0.0113667,0.0111126,0.0108618,0.0106145,0.0103705,0.0101299,0.0098924,0.00965815,0.00942703,0.00919899,0.00897398,0.00875194,0.00853281,0.00831655,0.00810308,0.00789235,0.00768431,0.00747889,0.00727603,0.00707569,0.00687779,0.00668227,0.00648908,0.00629816,0.00610945,0.00592289,0.00573842,0.00555598,0.0053755,0.00519694,0.00502023,0.00484532,0.00467214,0.00450064,0.00433075,0.00416242,0.0039956,0.00383022,0.00366623,0.00350357,0.00334217,0.003182,0.00302298,0.00286507,0.0027082,0.00255232,0.00239737,0.0022433,0.00209005,0.00193757,0.0017858,0.00163468,0.00148417,0.0013342,0.00118472,0.00103568,0.000887016,0.000738682,0.000590619,0.000442774,0.000295092,0.000147519,0
0.0130005,0.012747,0.0124966,0.012249,0.0120046,0.0117631,0.0115246,0.0112891,0.0110567,0.0108273,0.0106008,0.0103773,0.0101568,0.00993918,0.00972448,0.00951266,0.00930369,0.00909753,0.00889416,0.00869353,0.00849562,0.00830037,0.00810776,0.00791774,0.00773027,0.00754531,0.00736281,0.00718274,0.00700504,0.00682967,0.00665659,0.00648574,0.00631709,0.00615059,0.00598618,0.00582383,0.00566348,0.00550509,0.0053486,0.00519398,0.00504117,0.00489013,0.00474081,0.00459316,0.00444714,0.00430269,0.00415977,0.00401833,0.00387833,0.00373972,0.00360245,0.00346647,0.00333174,0.00319821,0.00306584,0.00293457,0.00280438,0.00267519,0.00254699,0.0024197,0.0022933,0.00216774,0.00204297,0.00191895,0.00179562,0.00167296,0.00155091,0.00142942,0.00130846,0.00118799,0.00106795,0.000948298,0.000828998,0.000710004,0.000591271,0.000472756,0.000354414,0.000236204,0.00011808,0
0.00975293,0.00956286,0.00937501,0.0091894,0.00900604,0.00882493,0.00864607,0.00846948,0.00829514,0.00812304,0.00795319,0.00778556,0.00762014,0.00745692,0.00729587,0.00713698,0.00698022,0.00682558,0.00667302,0.00652251,0.00637404,0.00622758,0.00608308,0.00594053,0.00579989,0.00566113,0.00552422,0.00538913,0.00525581,0.00512425,0.00499439,0.00486622,0.00473969,0.00461477,0.00449143,0.00436962,0.00424932,0.00413048,0.00401308,0.00389707,0.00378242,0.0036691,0.00355707,0.00344629,0.00333673,0.00322835,0.00312112,0.003015,0.00290996,0.00280596,0.00270296,0.00260094,0.00249985,0.00239967,0.00230035,0.00220186,0.00210417,0.00200724,0.00191105,0.00181555,0.00172071,0.0016265,0.00153288,0.00143982,0.00134729,0.00125525,0.00116368,0.00107253,0.000981768,0.000891371,0.000801302,0.000711528,0.000622015,0.000532731,0.000443643,0.000354719,0.000265925,0.000177229,8.85981e-05,0
0.00650317,0.00637647,0.00625125,0.00612751,0.00600527,0.00588453,0.0057653,0.00564757,0.00553134,0.0054166,0.00530336,0.0051916,0.00508131,0.00497248,0.00486511,0.00475917,0.00465465,0.00455154,0.00444982,0.00434947,0.00425047,0.00415281,0.00405646,0.00396141,0.00386764,0.00377511,0.00368382,0.00359374,0.00350484,0.00341711,0.00333053,0.00324506,0.00316069,0.00307739,0.00299514,0.00291391,0.00283369,0.00275445,0.00267616,0.0025988,0.00252235,0.00244678,0.00237207,0.0022982,0.00222514,0.00215287,0.00208136,0.0020106,0.00194055,0.0018712,0.00180251,0.00173448,0.00166707,0.00160026,0.00153403,0.00146835,0.0014032,0.00133857,0.00127442,0.00121073,0.00114749,0.00108466,0.00102223,0.000960173,0.000898467,0.00083709,0.00077602,0.000715235,0.000654712,0.000594429,0.000534365,0.000474497,0.000414804,0.000355263,0.000295853,0.000236551,0.000177337,0.000118189,5.90835e-05,0
0.00325195,0.0031886,0.00312599,0.00306413,0.00300301,0.00294264,0.00288302,0.00282416,0.00276604,0.00270867,0.00265205,0.00259617,0.00254102,0.0024866,0.00243291,0.00237994,0.00232768,0.00227612,0.00222525,0.00217507,0.00212557,0.00207673,0.00202856,0.00198102,0.00193413,0.00188786,0.00184221,0.00179717,0.00175271,0.00170884,0.00166554,0.0016228,0.00158061,0.00153896,0.00149782,0.00145721,0.00141709,0.00137746,0.00133831,0.00129963,0.0012614,0.00122361,0.00118625,0.0011493,0.00111277,0.00107663,0.00104087,0.00100548,0.000970449,0.000935766,0.000901419,0.000867395,0.000833684,0.000800273,0.000767151,0.000734307,0.000701729,0.000669405,0.000637325,0.000605476,0.000573848,0.000542429,0.000511208,0.000480174,0.000449316,0.000418622,0.000388081,0.000357683,0.000327416,0.000297269,0.000267231,0.000237292,0.00020744,0.000177664,0.000147953,0.000118297,8.8685e-05,5.91052e-05,2.95472e-05,0
0,0,0,0,0,0,0,0,0,0,0,0,0,0,0,0,0,0,0,0,0,0,0,0,0,0,0,0,0,0,0,0,0,0,0,0,0,0,0,0,0,0,0,0,0,0,0,0,0,0,0,0,0,0,0,0,0,0,0,0,0,0,0,0,0,0,0,0,0,0,0,0,0,0,0,0,0,0,0,0
